2020-01-21 15:21:33
"{'id': 114, 'stationName': 'Wroc³aw - Bartnicza', 'gegrLat': '51.115933', 'gegrLon': '17.141125', 'city': {'id': 1064, 'name': 'Wroc³aw', 'commune': {'communeName': 'Wroc³aw', 'districtName': 'Wroc³aw', 'provinceName': 'DOLNOŒL¥SKIE'}}, 'addressStreet': 'ul. Bartnicza'}","{'id': 117, 'stationName': 'Wroc³aw - Korzeniowskiego', 'gegrLat': '51.129378', 'gegrLon': '17.029250', 'city': {'id': 1064, 'name': 'Wroc³aw', 'commune': {'communeName': 'Wroc³aw', 'districtName': 'Wroc³aw', 'provinceName': 'DOLNOŒL¥SKIE'}}, 'addressStreet': 'ul. Wyb. J.Conrada-Korzeniowskiego 18'}","{'id': 129, 'stationName': 'Wroc³aw - Wiœniowa', 'gegrLat': '51.086225', 'gegrLon': '17.012689', 'city': {'id': 1064, 'name': 'Wroc³aw', 'commune': {'communeName': 'Wroc³aw', 'districtName': 'Wroc³aw', 'provinceName': 'DOLNOŒL¥SKIE'}}, 'addressStreet': 'al. Wiœniowa/ul. Powst. Œl¹skich'}","{'id': 52, 'stationName': 'Legnica - Rzeczypospolitej', 'gegrLat': '51.204503', 'gegrLon': '16.180513', 'city': {'id': 453, 'name': 'Legnica', 'commune': {'communeName': 'Legnica', 'districtName': 'Legnica', 'provinceName': 'DOLNOŒL¥SKIE'}}, 'addressStreet': 'al. Rzeczypospolitej 10/12'}","{'id': 109, 'stationName': 'Wa³brzych - Wysockiego', 'gegrLat': '50.768729', 'gegrLon': '16.269677', 'city': {'id': 998, 'name': 'Wa³brzych', 'commune': {'communeName': 'Wa³brzych', 'districtName': 'Wa³brzych', 'provinceName': 'DOLNOŒL¥SKIE'}}, 'addressStreet': 'ul. Wysockiego 11'}","{'id': 14, 'stationName': 'Dzia³oszyn', 'gegrLat': '50.972167', 'gegrLon': '14.941319', 'city': {'id': 192, 'name': 'Dzia³oszyn', 'commune': {'communeName': 'Bogatynia', 'districtName': 'zgorzelecki', 'provinceName': 'DOLNOŒL¥SKIE'}}, 'addressStreet': None}","{'id': 16, 'stationName': 'Dzier¿oniów - Pi³sudskiego', 'gegrLat': '50.732817', 'gegrLon': '16.648050', 'city': {'id': 198, 'name': 'Dzier¿oniów', 'commune': {'communeName': 'Dzier¿oniów', 'districtName': 'dzier¿oniowski', 'provinceName': 'DOLNOŒL¥SKIE'}}, 'addressStreet': 'ul. Pi³sudskiego 26'}","{'id': 38, 'stationName': 'K³odzko - Szkolna', 'gegrLat': '50.433493', 'gegrLon': '16.653660', 'city': {'id': 368, 'name': 'K³odzko', 'commune': {'communeName': 'K³odzko', 'districtName': 'k³odzki', 'provinceName': 'DOLNOŒL¥SKIE'}}, 'addressStreet': 'ul. Szkolna 8'}","{'id': 70, 'stationName': 'O³awa - ¯o³nierzy AK', 'gegrLat': '50.942073', 'gegrLon': '17.291333', 'city': {'id': 642, 'name': 'O³awa', 'commune': {'communeName': 'O³awa', 'districtName': 'o³awski', 'provinceName': 'DOLNOŒL¥SKIE'}}, 'addressStreet': 'ul. ¯o³nierzy AK 9'}","{'id': 74, 'stationName': 'Osieczów', 'gegrLat': '51.317630', 'gegrLon': '15.431719', 'city': {'id': 648, 'name': 'Osieczów', 'commune': {'communeName': 'Osiecznica', 'districtName': 'boles³awiecki', 'provinceName': 'DOLNOŒL¥SKIE'}}, 'addressStreet': None}","{'id': 84, 'stationName': 'Œnie¿ka', 'gegrLat': '50.736389', 'gegrLon': '15.739722', 'city': {'id': 346, 'name': 'Karpacz', 'commune': {'communeName': 'Karpacz', 'districtName': 'jeleniogórski', 'provinceName': 'DOLNOŒL¥SKIE'}}, 'addressStreet': 'Œnie¿ka'}","{'id': 132, 'stationName': 'Z¹bkowice Œl¹skie', 'gegrLat': '50.592325', 'gegrLon': '16.819786', 'city': {'id': 1090, 'name': 'Z¹bkowice Œl¹skie', 'commune': {'communeName': 'Z¹bkowice Œl¹skie', 'districtName': 'z¹bkowicki', 'provinceName': 'DOLNOŒL¥SKIE'}}, 'addressStreet': 'ul. Powstañców Warszawy 5'}","{'id': 134, 'stationName': 'Zgorzelec - Bohaterów Getta', 'gegrLat': '51.150391', 'gegrLon': '15.008175', 'city': {'id': 1101, 'name': 'Zgorzelec', 'commune': {'communeName': 'Zgorzelec', 'districtName': 'zgorzelecki', 'provinceName': 'DOLNOŒL¥SKIE'}}, 'addressStreet': 'ul. Bohaterów Getta 1a'}","{'id': 9153, 'stationName': 'Jelenia Góra - Ogiñskiego', 'gegrLat': '50.913433', 'gegrLon': '15.765608', 'city': {'id': 319, 'name': 'Jelenia Góra', 'commune': {'communeName': 'Jelenia Góra', 'districtName': 'Jelenia Góra', 'provinceName': 'DOLNOŒL¥SKIE'}}, 'addressStreet': 'ul. Ogiñskiego 6'}","{'id': 11254, 'stationName': 'Nowa Ruda - Jeziorna', 'gegrLat': '50.581492', 'gegrLon': '16.498245', 'city': {'id': 602, 'name': 'Nowa Ruda', 'commune': {'communeName': 'Nowa Ruda', 'districtName': 'k³odzki', 'provinceName': 'DOLNOŒL¥SKIE'}}, 'addressStreet': 'ul. Jeziorna 19'}","{'id': 11414, 'stationName': 'Lubañ - Mieszka II', 'gegrLat': '51.119011', 'gegrLon': '15.275539', 'city': {'id': 482, 'name': 'Lubañ', 'commune': {'communeName': 'Lubañ', 'districtName': 'lubañski', 'provinceName': 'DOLNOŒL¥SKIE'}}, 'addressStreet': 'Mieszka II 1'}","{'id': 156, 'stationName': 'Bydgoszcz Plac Poznañski', 'gegrLat': '53.121764', 'gegrLon': '17.987906', 'city': {'id': 90, 'name': 'Bydgoszcz', 'commune': {'communeName': 'Bydgoszcz', 'districtName': 'Bydgoszcz', 'provinceName': 'KUJAWSKO-POMORSKIE'}}, 'addressStreet': 'Plac Poznañski'}","{'id': 158, 'stationName': 'Bydgoszcz Warszawska', 'gegrLat': '53.134083', 'gegrLon': '17.995708', 'city': {'id': 90, 'name': 'Bydgoszcz', 'commune': {'communeName': 'Bydgoszcz', 'districtName': 'Bydgoszcz', 'provinceName': 'KUJAWSKO-POMORSKIE'}}, 'addressStreet': 'ul. Warszawska 10'}","{'id': 295, 'stationName': '£ódŸ-Widzew', 'gegrLat': '51.758050', 'gegrLon': '19.529786', 'city': {'id': 516, 'name': '£ódŸ', 'commune': {'communeName': '£ódŸ', 'districtName': '£ódŸ', 'provinceName': '£ÓDZKIE'}}, 'addressStreet': 'ul. Czernika 1/3'}","{'id': 296, 'stationName': '£ódŸ-Gdañska 16', 'gegrLat': '51.775411', 'gegrLon': '19.450900', 'city': {'id': 516, 'name': '£ódŸ', 'commune': {'communeName': '£ódŸ', 'districtName': '£ódŸ', 'provinceName': '£ÓDZKIE'}}, 'addressStreet': 'ul. Gdañska 16'}","{'id': 314, 'stationName': 'Pabianice-Polfa', 'gegrLat': '51.667981', 'gegrLon': '19.368683', 'city': {'id': 667, 'name': 'Pabianice', 'commune': {'communeName': 'Pabianice', 'districtName': 'pabianicki', 'provinceName': '£ÓDZKIE'}}, 'addressStreet': 'ul. Konstantynowska'}","{'id': 355, 'stationName': 'Zgierz-Œródmieœcie', 'gegrLat': '51.856692', 'gegrLon': '19.421231', 'city': {'id': 1100, 'name': 'Zgierz', 'commune': {'communeName': 'Zgierz', 'districtName': 'zgierski', 'provinceName': '£ÓDZKIE'}}, 'addressStreet': 'ul. Mielczarskiego 1'}","{'id': 10058, 'stationName': '£ódŸ-Jana Paw³a II 15', 'gegrLat': '51.754613', 'gegrLon': '19.434925', 'city': {'id': 516, 'name': '£ódŸ', 'commune': {'communeName': '£ódŸ', 'districtName': '£ódŸ', 'provinceName': '£ÓDZKIE'}}, 'addressStreet': 'al. Jana Paw³a II 15'}","{'id': 319, 'stationName': 'Parzniewice', 'gegrLat': '51.291175', 'gegrLon': '19.517556', 'city': {'id': 673, 'name': 'Parzniewice', 'commune': {'communeName': 'Wola Krzysztoporska', 'districtName': 'piotrkowski', 'provinceName': '£ÓDZKIE'}}, 'addressStreet': 'Ujêcie wody'}","{'id': 322, 'stationName': 'Piotrków Tryb.-Krakowskie Przedmieœcie', 'gegrLat': '51.404406', 'gegrLon': '19.696956', 'city': {'id': 703, 'name': 'Piotrków Trybunalski', 'commune': {'communeName': 'Piotrków Trybunalski', 'districtName': 'Piotrków Trybunalski', 'provinceName': '£ÓDZKIE'}}, 'addressStreet': 'ul. Krakowskie Przedmieœcie 13'}","{'id': 331, 'stationName': 'Radomsko-Rolna2', 'gegrLat': '51.067439', 'gegrLon': '19.448694', 'city': {'id': 773, 'name': 'Radomsko', 'commune': {'communeName': 'Radomsko', 'districtName': 'radomszczañski', 'provinceName': '£ÓDZKIE'}}, 'addressStreet': 'ul. Rolna 2'}","{'id': 562, 'stationName': '¯yrardów-Roosevelta', 'gegrLat': '52.053811', 'gegrLon': '20.429892', 'city': {'id': 1130, 'name': '¯yrardów', 'commune': {'communeName': '¯yrardów', 'districtName': '¿yrardowski', 'provinceName': 'MAZOWIECKIE'}}, 'addressStreet': 'ul. Roosevelta 2'}","{'id': 9913, 'stationName': 'Guty Du¿e', 'gegrLat': '52.943172', 'gegrLon': '21.288167', 'city': {'id': 2181, 'name': 'Guty Du¿e', 'commune': {'communeName': 'Czerwonka', 'districtName': 'makowski', 'provinceName': 'MAZOWIECKIE'}}, 'addressStreet': 'Guty Du¿e 4'}","{'id': 10434, 'stationName': 'Konstancin-Jeziorna-Wierzejewskiego', 'gegrLat': '52.080625', 'gegrLon': '21.111186', 'city': {'id': 395, 'name': 'Konstancin-Jeziorna', 'commune': {'communeName': 'Konstancin-Jeziorna', 'districtName': 'piaseczyñski', 'provinceName': 'MAZOWIECKIE'}}, 'addressStreet': 'Wierzejewskiego 12'}","{'id': 10974, 'stationName': 'Miñsk Mazowiecki-Kazikowskiego', 'gegrLat': '52.178766', 'gegrLon': '21.560968', 'city': {'id': 566, 'name': 'Miñsk Mazowiecki', 'commune': {'communeName': 'Miñsk Mazowiecki', 'districtName': 'miñski', 'provinceName': 'MAZOWIECKIE'}}, 'addressStreet': 'Zygmunta Kazikowskiego 18'}","{'id': 11358, 'stationName': 'Bia³a-Kmicica', 'gegrLat': '52.602534', 'gegrLon': '19.645100', 'city': {'id': 2661, 'name': 'Bia³a', 'commune': {'communeName': 'Stara Bia³a', 'districtName': 'p³ocki', 'provinceName': 'MAZOWIECKIE'}}, 'addressStreet': 'ul. Kmicica 33'}","{'id': 590, 'stationName': 'Opole manualna 4', 'gegrLat': '50.676856', 'gegrLon': '17.950278', 'city': {'id': 645, 'name': 'Opole', 'commune': {'communeName': 'Opole', 'districtName': 'Opole', 'provinceName': 'OPOLSKIE'}}, 'addressStreet': 'os. Armii Krajowej'}","{'id': 10374, 'stationName': 'Opole automat 5', 'gegrLat': '50.666736', 'gegrLon': '17.899137', 'city': {'id': 645, 'name': 'Opole', 'commune': {'communeName': 'Opole', 'districtName': 'Opole', 'provinceName': 'OPOLSKIE'}}, 'addressStreet': 'ul. Koszyka 21'}","{'id': 568, 'stationName': 'K-KoŸle automat 1', 'gegrLat': '50.349608', 'gegrLon': '18.236575', 'city': {'id': 355, 'name': 'Kêdzierzyn-KoŸle', 'commune': {'communeName': 'Kêdzierzyn-KoŸle', 'districtName': 'kêdzierzyñsko-kozielski', 'provinceName': 'OPOLSKIE'}}, 'addressStreet': 'ul. Boles³awa Œmia³ego 5'}","{'id': 584, 'stationName': 'Olesno automat 4', 'gegrLat': '50.876983', 'gegrLon': '18.416878', 'city': {'id': 636, 'name': 'Olesno', 'commune': {'communeName': 'Olesno', 'districtName': 'oleski', 'provinceName': 'OPOLSKIE'}}, 'addressStreet': 'ul. S³owackiego'}","{'id': 600, 'stationName': 'Zdzieszowice automat 2', 'gegrLat': '50.423533', 'gegrLon': '18.120739', 'city': {'id': 1097, 'name': 'Zdzieszowice', 'commune': {'communeName': 'Zdzieszowice', 'districtName': 'krapkowicki', 'provinceName': 'OPOLSKIE'}}, 'addressStreet': 'ul. Piastów 6'}","{'id': 8976, 'stationName': 'Nysa manualna 3', 'gegrLat': '50.458989', 'gegrLon': '17.331906', 'city': {'id': 628, 'name': 'Nysa', 'commune': {'communeName': 'Nysa', 'districtName': 'nyski', 'provinceName': 'OPOLSKIE'}}, 'addressStreet': 'ul. Rodziewiczówny 1'}","{'id': 671, 'stationName': 'Rzeszów-Nowe Miasto', 'gegrLat': '50.024242', 'gegrLon': '22.010575', 'city': {'id': 810, 'name': 'Rzeszów', 'commune': {'communeName': 'Rzeszów', 'districtName': 'Rzeszów', 'provinceName': 'PODKARPACKIE'}}, 'addressStreet': 'Rejtana'}","{'id': 10125, 'stationName': 'Rzeszów-Pi³sudskiego', 'gegrLat': '50.040675', 'gegrLon': '22.004656', 'city': {'id': 810, 'name': 'Rzeszów', 'commune': {'communeName': 'Rzeszów', 'districtName': 'Rzeszów', 'provinceName': 'PODKARPACKIE'}}, 'addressStreet': 'Pi³sudskiego'}","{'id': 631, 'stationName': 'Jaros³aw-PWSTE-WIOS', 'gegrLat': '50.012083', 'gegrLon': '22.674772', 'city': {'id': 303, 'name': 'Jaros³aw', 'commune': {'communeName': 'Jaros³aw', 'districtName': 'jaros³awski', 'provinceName': 'PODKARPACKIE'}}, 'addressStreet': 'Pruchnicka'}","{'id': 638, 'stationName': 'Jaslo-Sikorskiego-WIOS', 'gegrLat': '49.744886', 'gegrLon': '21.454617', 'city': {'id': 306, 'name': 'Jas³o', 'commune': {'communeName': 'Jas³o', 'districtName': 'jasielski', 'provinceName': 'PODKARPACKIE'}}, 'addressStreet': 'Sikorskiego'}","{'id': 646, 'stationName': 'Krosno-Kletówki', 'gegrLat': '49.690169', 'gegrLon': '21.749700', 'city': {'id': 425, 'name': 'Krosno', 'commune': {'communeName': 'Krosno', 'districtName': 'Krosno', 'provinceName': 'PODKARPACKIE'}}, 'addressStreet': 'Kletówki'}","{'id': 659, 'stationName': 'Nisko-Szklarniowa-WIOS', 'gegrLat': '50.529892', 'gegrLon': '22.112467', 'city': {'id': 600, 'name': 'Nisko', 'commune': {'communeName': 'Nisko', 'districtName': 'ni¿añski', 'provinceName': 'PODKARPACKIE'}}, 'addressStreet': 'Szklarniowa'}","{'id': 665, 'stationName': 'Przemysl-Grunwaldzka-WIOS', 'gegrLat': '49.784339', 'gegrLon': '22.756239', 'city': {'id': 748, 'name': 'Przemyœl', 'commune': {'communeName': 'Przemyœl', 'districtName': 'Przemyœl', 'provinceName': 'PODKARPACKIE'}}, 'addressStreet': 'Grunwaldzka'}","{'id': 870, 'stationName': 'WIOŒ Go³dap ul. Jaæwieska', 'gegrLat': '54.305908', 'gegrLon': '22.307681', 'city': {'id': 241, 'name': 'Go³dap', 'commune': {'communeName': 'Go³dap', 'districtName': 'go³dapski', 'provinceName': 'WARMIÑSKO-MAZURSKIE'}}, 'addressStreet': 'ul. Jaæwieska 17'}","{'id': 882, 'stationName': 'KMŒ Puszcza Borecka', 'gegrLat': '54.124819', 'gegrLon': '22.038056', 'city': {'id': 167, 'name': 'Diabla Góra', 'commune': {'communeName': 'Kruklanki', 'districtName': 'gi¿ycki', 'provinceName': 'WARMIÑSKO-MAZURSKIE'}}, 'addressStreet': 'Diabla Góra'}","{'id': 10005, 'stationName': 'WIOŒ E³k', 'gegrLat': '53.828455', 'gegrLon': '22.348450', 'city': {'id': 203, 'name': 'E³k', 'commune': {'communeName': 'E³k', 'districtName': 'e³cki', 'provinceName': 'WARMIÑSKO-MAZURSKIE'}}, 'addressStreet': 'ul. Pi³sudskiego 27'}","{'id': 10030, 'stationName': 'WIOŒ Ostróda Pi³sudskiego', 'gegrLat': '53.694628', 'gegrLon': '19.968892', 'city': {'id': 657, 'name': 'Ostróda', 'commune': {'communeName': 'Ostróda', 'districtName': 'ostródzki', 'provinceName': 'WARMIÑSKO-MAZURSKIE'}}, 'addressStreet': 'Pi³sudskiego 4'}","{'id': 11375, 'stationName': 'WIOŒ Biskupiec-Mobilna', 'gegrLat': '53.860702', 'gegrLon': '20.957892', 'city': {'id': 2260, 'name': 'Biskupiec', 'commune': {'communeName': 'Biskupiec', 'districtName': 'olsztyñski', 'provinceName': 'WARMIÑSKO-MAZURSKIE'}}, 'addressStreet': 'Mickiewicza 8'}","{'id': 943, 'stationName': 'Poznan-Polanka', 'gegrLat': '52.398175', 'gegrLon': '16.959519', 'city': {'id': 729, 'name': 'Poznañ', 'commune': {'communeName': 'Poznañ', 'districtName': 'Poznañ', 'provinceName': 'WIELKOPOLSKIE'}}, 'addressStreet': 'ul. Polanka'}","{'id': 944, 'stationName': 'Poznan-Dabrowskiego', 'gegrLat': '52.420319', 'gegrLon': '16.877289', 'city': {'id': 729, 'name': 'Poznañ', 'commune': {'communeName': 'Poznañ', 'districtName': 'Poznañ', 'provinceName': 'WIELKOPOLSKIE'}}, 'addressStreet': 'ul. D¹browskiego 169'}","{'id': 11477, 'stationName': 'Poznañ - RatajeMOB', 'gegrLat': '52.391728', 'gegrLon': '16.998578', 'city': {'id': 729, 'name': 'Poznañ', 'commune': {'communeName': 'Poznañ', 'districtName': 'Poznañ', 'provinceName': 'WIELKOPOLSKIE'}}, 'addressStreet': '¯elazna'}","{'id': 952, 'stationName': 'Kalisz-Wyszynskiego', 'gegrLat': '51.749053', 'gegrLon': '18.048389', 'city': {'id': 336, 'name': 'Kalisz', 'commune': {'communeName': 'Kalisz', 'districtName': 'Kalisz', 'provinceName': 'WIELKOPOLSKIE'}}, 'addressStreet': 'ul. Hanki Sawickiej'}","{'id': 902, 'stationName': 'Konin-Wyszynskiego', 'gegrLat': '52.225633', 'gegrLon': '18.269036', 'city': {'id': 393, 'name': 'Konin', 'commune': {'communeName': 'Konin', 'districtName': 'Konin', 'provinceName': 'WIELKOPOLSKIE'}}, 'addressStreet': 'ul. Wyszyñskiego 3'}","{'id': 920, 'stationName': 'Pila, ul. Kusocinkiego', 'gegrLat': '53.154408', 'gegrLon': '16.759572', 'city': {'id': 699, 'name': 'Pi³a', 'commune': {'communeName': 'Pi³a', 'districtName': 'pilski', 'provinceName': 'WIELKOPOLSKIE'}}, 'addressStreet': 'ul. Kusociñskiego'}","{'id': 946, 'stationName': 'Piaski-Krzyzowka', 'gegrLat': '52.501389', 'gegrLon': '17.773464', 'city': {'id': 441, 'name': 'Krzy¿ówka', 'commune': {'communeName': 'Witkowo', 'districtName': 'gnieŸnieñski', 'provinceName': 'WIELKOPOLSKIE'}}, 'addressStreet': None}","{'id': 950, 'stationName': 'Borowiec-Drapalka', 'gegrLat': '52.276794', 'gegrLon': '17.074114', 'city': {'id': 62, 'name': 'Borówiec', 'commune': {'communeName': 'Kórnik', 'districtName': 'poznañski', 'provinceName': 'WIELKOPOLSKIE'}}, 'addressStreet': 'ul. Drapa³ka 4'}","{'id': 9218, 'stationName': 'Pleszew, Al. Mickiewicza', 'gegrLat': '51.884922', 'gegrLon': '17.791106', 'city': {'id': 706, 'name': 'Pleszew', 'commune': {'communeName': 'Pleszew', 'districtName': 'pleszewski', 'provinceName': 'WIELKOPOLSKIE'}}, 'addressStreet': 'al. Mickiewicza'}","{'id': 10834, 'stationName': 'Kozieglowy-os.Lesne', 'gegrLat': '52.449331', 'gegrLon': '16.999683', 'city': {'id': 2163, 'name': 'Kozieg³owy', 'commune': {'communeName': 'Czerwonak', 'districtName': 'poznañski', 'provinceName': 'WIELKOPOLSKIE'}}, 'addressStreet': 'osiedle Leœne 22'}","{'id': 986, 'stationName': 'Szczecin_Andrzejewskiego', 'gegrLat': '53.380975', 'gegrLon': '14.663347', 'city': {'id': 917, 'name': 'Szczecin', 'commune': {'communeName': 'Szczecin', 'districtName': 'Szczecin', 'provinceName': 'ZACHODNIOPOMORSKIE'}}, 'addressStreet': 'ul. Andrzejewskiego 23'}","{'id': 987, 'stationName': 'Szczecin_Pi³sudskiego', 'gegrLat': '53.432169', 'gegrLon': '14.553900', 'city': {'id': 917, 'name': 'Szczecin', 'commune': {'communeName': 'Szczecin', 'districtName': 'Szczecin', 'provinceName': 'ZACHODNIOPOMORSKIE'}}, 'addressStreet': 'ul. Pi³sudskiego 1'}","{'id': 966, 'stationName': 'Koszalin_ArmiiKrajowej', 'gegrLat': '54.193986', 'gegrLon': '16.172544', 'city': {'id': 402, 'name': 'Koszalin', 'commune': {'communeName': 'Koszalin', 'districtName': 'Koszalin', 'provinceName': 'ZACHODNIOPOMORSKIE'}}, 'addressStreet': 'ul. Armii Krajowej'}","{'id': 11336, 'stationName': 'Koszalin_Chopina', 'gegrLat': '54.194117', 'gegrLon': '16.211661', 'city': {'id': 402, 'name': 'Koszalin', 'commune': {'communeName': 'Koszalin', 'districtName': 'Koszalin', 'provinceName': 'ZACHODNIOPOMORSKIE'}}, 'addressStreet': 'Chopina 42'}","{'id': 961, 'stationName': 'Widuchowa', 'gegrLat': '53.122325', 'gegrLon': '14.382222', 'city': {'id': 1025, 'name': 'Widuchowa', 'commune': {'communeName': 'Widuchowa', 'districtName': 'gryfiñski', 'provinceName': 'ZACHODNIOPOMORSKIE'}}, 'addressStreet': 'ul. Bulwary Rybackie 1'}","{'id': 983, 'stationName': 'Szczecinek_Przemys³owa', 'gegrLat': '53.698900', 'gegrLon': '16.704572', 'city': {'id': 918, 'name': 'Szczecinek', 'commune': {'communeName': 'Szczecinek', 'districtName': 'szczecinecki', 'provinceName': 'ZACHODNIOPOMORSKIE'}}, 'addressStreet': 'ul. Przemys³owa 5'}","{'id': 16157, 'stationName': 'Uzdrowisko_Po³czyn-Zdrój', 'gegrLat': '53.755719', 'gegrLon': '16.089289', 'city': {'id': 724, 'name': 'Po³czyn-Zdrój', 'commune': {'communeName': 'Po³czyn-Zdrój', 'districtName': 'œwidwiñski', 'provinceName': 'ZACHODNIOPOMORSKIE'}}, 'addressStreet': 'Solankowa 8'}","{'id': 805, 'stationName': 'D¹browa Górnicza, ul. Tysi¹clecia 25a', 'gegrLat': '50.329111', 'gegrLon': '19.231222', 'city': {'id': 157, 'name': 'D¹browa Górnicza', 'commune': {'communeName': 'D¹browa Górnicza', 'districtName': 'D¹browa Górnicza', 'provinceName': 'ŒL¥SKIE'}}, 'addressStreet': 'ul. 1000-lecia 25 a'}","{'id': 809, 'stationName': 'Gliwice, ul. Mewy 34', 'gegrLat': '50.279333', 'gegrLon': '18.655764', 'city': {'id': 221, 'name': 'Gliwice', 'commune': {'communeName': 'Gliwice', 'districtName': 'Gliwice', 'provinceName': 'ŒL¥SKIE'}}, 'addressStreet': 'ul. Mewy 34'}","{'id': 813, 'stationName': 'Katowice, ul. Plebiscytowa/A4', 'gegrLat': '50.246795', 'gegrLon': '19.019469', 'city': {'id': 350, 'name': 'Katowice', 'commune': {'communeName': 'Katowice', 'districtName': 'Katowice', 'provinceName': 'ŒL¥SKIE'}}, 'addressStreet': 'al. Górnoœl¹ska'}","{'id': 814, 'stationName': 'Katowice, ul. Kossutha 6', 'gegrLat': '50.264611', 'gegrLon': '18.975028', 'city': {'id': 350, 'name': 'Katowice', 'commune': {'communeName': 'Katowice', 'districtName': 'Katowice', 'provinceName': 'ŒL¥SKIE'}}, 'addressStreet': 'ul. Kossutha 6'}","{'id': 837, 'stationName': 'Sosnowiec, ul. Lubelska 51', 'gegrLat': '50.285956', 'gegrLon': '19.184399', 'city': {'id': 862, 'name': 'Sosnowiec', 'commune': {'communeName': 'Sosnowiec', 'districtName': 'Sosnowiec', 'provinceName': 'ŒL¥SKIE'}}, 'addressStreet': 'ul. Lubelska 51'}","{'id': 841, 'stationName': 'Tychy, ul. To³stoja 1', 'gegrLat': '50.099903', 'gegrLon': '18.990236', 'city': {'id': 988, 'name': 'Tychy', 'commune': {'communeName': 'Tychy', 'districtName': 'Tychy', 'provinceName': 'ŒL¥SKIE'}}, 'addressStreet': 'ul. To³stoja 1'}","{'id': 848, 'stationName': 'Zabrze, ul. M. Curie-Sk³odowskiej 34', 'gegrLat': '50.3165', 'gegrLon': '18.772375', 'city': {'id': 1073, 'name': 'Zabrze', 'commune': {'communeName': 'Zabrze', 'districtName': 'Zabrze', 'provinceName': 'ŒL¥SKIE'}}, 'addressStreet': 'ul. M. Sk³odowskiej-Curie 34'}","{'id': 834, 'stationName': 'Rybnik, ul. Borki 37 d', 'gegrLat': '50.111181', 'gegrLon': '18.516139', 'city': {'id': 804, 'name': 'Rybnik', 'commune': {'communeName': 'Rybnik', 'districtName': 'Rybnik', 'provinceName': 'ŒL¥SKIE'}}, 'addressStreet': 'ul. Borki 37 d'}","{'id': 10554, 'stationName': '¯ory, Os. Gen. W³adys³awa Sikorskiego 52_(2)', 'gegrLat': '50.029416', 'gegrLon': '18.689527', 'city': {'id': 1123, 'name': '¯ory', 'commune': {'communeName': '¯ory', 'districtName': '¯ory', 'provinceName': 'ŒL¥SKIE'}}, 'addressStreet': 'ul. Sikorskiego 52'}","{'id': 789, 'stationName': 'Bielsko-Bia³a, ul. Kossak-Szczuckiej 19', 'gegrLat': '49.813464', 'gegrLon': '19.027318', 'city': {'id': 41, 'name': 'Bielsko-Bia³a', 'commune': {'communeName': 'Bielsko-Bia³a', 'districtName': 'Bielsko-Bia³a', 'provinceName': 'ŒL¥SKIE'}}, 'addressStreet': 'ul. Kossak-Szczuckiej'}","{'id': 10158, 'stationName': 'Bielsko-Bia³a, ul.Partyzantów', 'gegrLat': '49.802075', 'gegrLon': '19.048610', 'city': {'id': 41, 'name': 'Bielsko-Bia³a', 'commune': {'communeName': 'Bielsko-Bia³a', 'districtName': 'Bielsko-Bia³a', 'provinceName': 'ŒL¥SKIE'}}, 'addressStreet': 'ul. Partyzantów'}","{'id': 798, 'stationName': 'Czêstochowa, ul. AK/Jana Paw³a II', 'gegrLat': '50.817676', 'gegrLon': '19.117426', 'city': {'id': 146, 'name': 'Czêstochowa', 'commune': {'communeName': 'Czêstochowa', 'districtName': 'Czêstochowa', 'provinceName': 'ŒL¥SKIE'}}, 'addressStreet': 'ul. Armii Krajowej 2'}","{'id': 800, 'stationName': 'Czêstochowa, ul. Baczyñskiego 2', 'gegrLat': '50.836389', 'gegrLon': '19.130111', 'city': {'id': 146, 'name': 'Czêstochowa', 'commune': {'communeName': 'Czêstochowa', 'districtName': 'Czêstochowa', 'provinceName': 'ŒL¥SKIE'}}, 'addressStreet': 'ul. Baczyñskiego 2'}","{'id': 842, 'stationName': 'Ustroñ, ul. Sanatoryjna 7', 'gegrLat': '49.719731', 'gegrLon': '18.826722', 'city': {'id': 993, 'name': 'Ustroñ', 'commune': {'communeName': 'Ustroñ', 'districtName': 'cieszyñski', 'provinceName': 'ŒL¥SKIE'}}, 'addressStreet': 'ul. Sanatoryjna 7'}","{'id': 845, 'stationName': 'Wodzis³aw Œl¹ski, ul. Ga³czyñskiego 1', 'gegrLat': '50.007629', 'gegrLon': '18.455548', 'city': {'id': 1050, 'name': 'Wodzis³aw Œl¹ski', 'commune': {'communeName': 'Wodzis³aw Œl¹ski', 'districtName': 'wodzis³awski', 'provinceName': 'ŒL¥SKIE'}}, 'addressStreet': 'ul. Ga³czyñskiego 1'}","{'id': 853, 'stationName': 'Z³oty Potok, Leœniczówka', 'gegrLat': '50.710889', 'gegrLon': '19.458797', 'city': {'id': 1111, 'name': 'Z³oty Potok', 'commune': {'communeName': 'Janów', 'districtName': 'czêstochowski', 'provinceName': 'ŒL¥SKIE'}}, 'addressStreet': 'Leœniczówka Kamienna Góra'}","{'id': 856, 'stationName': '¯ywiec, ul. Kopernika  83 a', 'gegrLat': '49.671602', 'gegrLon': '19.234446', 'city': {'id': 1131, 'name': '¯ywiec', 'commune': {'communeName': '¯ywiec', 'districtName': '¿ywiecki', 'provinceName': 'ŒL¥SKIE'}}, 'addressStreet': 'ul. Kopernika 83 a'}","{'id': 9000, 'stationName': 'Czerwionka-Leszczyny, ul. Kopalniana', 'gegrLat': '50.16385', 'gegrLon': '18.659977', 'city': {'id': 145, 'name': 'Czerwionka-Leszczyny', 'commune': {'communeName': 'Czerwionka-Leszczyny', 'districtName': 'rybnicki', 'provinceName': 'ŒL¥SKIE'}}, 'addressStreet': 'ul. Kopalniana'}","{'id': 11278, 'stationName': 'Lubliniec, ul. ks. Szyma³y', 'gegrLat': '50.675693', 'gegrLon': '18.682065', 'city': {'id': 490, 'name': 'Lubliniec', 'commune': {'communeName': 'Lubliniec', 'districtName': 'lubliniecki', 'provinceName': 'ŒL¥SKIE'}}, 'addressStreet': 'ul. Ks. P³k. Jana Szyma³y 3'}","{'id': 11455, 'stationName': 'Zawiercie, ul. K.I.Ga³czyñskiego 3', 'gegrLat': '50.493045', 'gegrLon': '19.439012', 'city': {'id': 1086, 'name': 'Zawiercie', 'commune': {'communeName': 'Zawiercie', 'districtName': 'zawierciañski', 'provinceName': 'ŒL¥SKIE'}}, 'addressStreet': 'ul. K.I.Ga³czyñskiego 3'}","{'id': 11457, 'stationName': 'Gocza³kowice Zdrój, ul. Parkowa', 'gegrLat': '49.937850', 'gegrLon': '18.975594', 'city': {'id': 2280, 'name': 'Gocza³kowice-Zdrój', 'commune': {'communeName': 'Gocza³kowice-Zdrój', 'districtName': 'pszczyñski', 'provinceName': 'ŒL¥SKIE'}}, 'addressStreet': 'ul. Parkowa'}","{'id': 11794, 'stationName': 'Racibórz, Wojska Polskiego 8', 'gegrLat': '50.091142', 'gegrLon': '18.216261', 'city': {'id': 768, 'name': 'Racibórz', 'commune': {'communeName': 'Racibórz', 'districtName': 'raciborski', 'provinceName': 'ŒL¥SKIE'}}, 'addressStreet': 'ul. Wojska Polskiego 8'}","{'id': 11195, 'stationName': 'Kielce, ul. Targowa', 'gegrLat': '50.878998', 'gegrLon': '20.633692', 'city': {'id': 360, 'name': 'Kielce', 'commune': {'communeName': 'Kielce', 'districtName': 'Kielce', 'provinceName': 'ŒWIÊTOKRZYSKIE'}}, 'addressStreet': 'ul. Targowa 3'}","{'id': 769, 'stationName': 'Nowiny, ul. Parkowa', 'gegrLat': '50.823108', 'gegrLon': '20.533506', 'city': {'id': 616, 'name': 'Nowiny', 'commune': {'communeName': 'Sitkówka-Nowiny', 'districtName': 'kielecki', 'provinceName': 'ŒWIÊTOKRZYSKIE'}}, 'addressStreet': 'ul. Parkowa'}","{'id': 778, 'stationName': 'Po³aniec, ul. Ruszczañska', 'gegrLat': '50.429014', 'gegrLon': '21.277367', 'city': {'id': 723, 'name': 'Po³aniec', 'commune': {'communeName': 'Po³aniec', 'districtName': 'staszowski', 'provinceName': 'ŒWIÊTOKRZYSKIE'}}, 'addressStreet': 'ul. Ruszczañska 23'}","{'id': 785, 'stationName': 'Starachowice, ul. Z³ota', 'gegrLat': '51.050611', 'gegrLon': '21.084175', 'city': {'id': 872, 'name': 'Starachowice', 'commune': {'communeName': 'Starachowice', 'districtName': 'starachowicki', 'provinceName': 'ŒWIÊTOKRZYSKIE'}}, 'addressStreet': 'ul. Z³ota'}","{'id': 10444, 'stationName': 'Ostrowiec Œwiêtokrzyski, MOBILNA', 'gegrLat': '50.946703', 'gegrLon': '21.394492', 'city': {'id': 656, 'name': 'Ostrowiec Œwiêtokrzyski', 'commune': {'communeName': 'Ostrowiec Œwiêtokrzyski', 'districtName': 'ostrowiecki', 'provinceName': 'ŒWIÊTOKRZYSKIE'}}, 'addressStreet': 'Osiedle S³oneczne 28'}","{'id': 10794, 'stationName': 'Ma³ogoszcz, ul. S³oneczna', 'gegrLat': '50.809563', 'gegrLon': '20.266099', 'city': {'id': 531, 'name': 'Ma³ogoszcz', 'commune': {'communeName': 'Ma³ogoszcz', 'districtName': 'jêdrzejowski', 'provinceName': 'ŒWIÊTOKRZYSKIE'}}, 'addressStreet': 'ul. S³oneczna 18'}","{'id': 11754, 'stationName': 'Go³uchów Ujêcie Wody', 'gegrLat': '50.621482', 'gegrLon': '20.614057', 'city': {'id': 2644, 'name': 'Go³uchów', 'commune': {'communeName': 'Kije', 'districtName': 'piñczowski', 'provinceName': 'ŒWIÊTOKRZYSKIE'}}, 'addressStreet': 'Ujêcie Wody'}","{'id': 11955, 'stationName': 'Jêdrzejów, MOBILNA', 'gegrLat': '50.643673', 'gegrLon': '20.284885', 'city': {'id': 2642, 'name': 'Jêdrzejów', 'commune': {'communeName': 'Jêdrzejów', 'districtName': 'jêdrzejowski', 'provinceName': 'ŒWIÊTOKRZYSKIE'}}, 'addressStreet': 'ul. Mieszka I 9'}","{'id': 877, 'stationName': 'WIOŒ Olsztyn ul. Puszkina', 'gegrLat': '53.789233', 'gegrLon': '20.486075', 'city': {'id': 639, 'name': 'Olsztyn', 'commune': {'communeName': 'Olsztyn', 'districtName': 'Olsztyn', 'provinceName': 'WARMIÑSKO-MAZURSKIE'}}, 'addressStreet': 'ul. Puszkina 16'}","{'id': 861, 'stationName': 'WIOŒ Elbl¹g ul. Ba¿yñskiego', 'gegrLat': '54.167847', 'gegrLon': '19.410942', 'city': {'id': 202, 'name': 'Elbl¹g', 'commune': {'communeName': 'Elbl¹g', 'districtName': 'Elbl¹g', 'provinceName': 'WARMIÑSKO-MAZURSKIE'}}, 'addressStreet': 'ul. Ba¿yñskiego 6'}","{'id': 11616, 'stationName': 'Kutno-1 Maja 7', 'gegrLat': '52.231728', 'gegrLon': '19.353742', 'city': {'id': 445, 'name': 'Kutno', 'commune': {'communeName': 'Kutno', 'districtName': 'kutnowski', 'provinceName': '£ÓDZKIE'}}, 'addressStreet': '1 Maja 7'}","{'id': 400, 'stationName': 'Kraków, Aleja Krasiñskiego', 'gegrLat': '50.057678', 'gegrLon': '19.926189', 'city': {'id': 415, 'name': 'Kraków', 'commune': {'communeName': 'Kraków', 'districtName': 'Kraków', 'provinceName': 'MA£OPOLSKIE'}}, 'addressStreet': 'al. Krasiñskiego'}","{'id': 401, 'stationName': 'Kraków, ul. Bujaka', 'gegrLat': '50.010575', 'gegrLon': '19.949189', 'city': {'id': 415, 'name': 'Kraków', 'commune': {'communeName': 'Kraków', 'districtName': 'Kraków', 'provinceName': 'MA£OPOLSKIE'}}, 'addressStreet': 'ul. Bujaka'}","{'id': 402, 'stationName': 'Kraków, ul. Bulwarowa', 'gegrLat': '50.069308', 'gegrLon': '20.053492', 'city': {'id': 415, 'name': 'Kraków', 'commune': {'communeName': 'Kraków', 'districtName': 'Kraków', 'provinceName': 'MA£OPOLSKIE'}}, 'addressStreet': 'ul. Bulwarowa'}","{'id': 10121, 'stationName': 'Kraków, ul. Dietla', 'gegrLat': '50.057447', 'gegrLon': '19.946008', 'city': {'id': 415, 'name': 'Kraków', 'commune': {'communeName': 'Kraków', 'districtName': 'Kraków', 'provinceName': 'MA£OPOLSKIE'}}, 'addressStreet': 'ul. Dietla'}","{'id': 10123, 'stationName': 'Kraków, ul. Z³oty Róg', 'gegrLat': '50.081197', 'gegrLon': '19.895358', 'city': {'id': 415, 'name': 'Kraków', 'commune': {'communeName': 'Kraków', 'districtName': 'Kraków', 'provinceName': 'MA£OPOLSKIE'}}, 'addressStreet': 'Z³oty Róg'}","{'id': 10139, 'stationName': 'Kraków, os. Piastów', 'gegrLat': '50.098508', 'gegrLon': '20.018269', 'city': {'id': 415, 'name': 'Kraków', 'commune': {'communeName': 'Kraków', 'districtName': 'Kraków', 'provinceName': 'MA£OPOLSKIE'}}, 'addressStreet': 'os. Piastów'}","{'id': 10447, 'stationName': 'Kraków, os. Wadów', 'gegrLat': '50.100569', 'gegrLon': '20.122561', 'city': {'id': 415, 'name': 'Kraków', 'commune': {'communeName': 'Kraków', 'districtName': 'Kraków', 'provinceName': 'MA£OPOLSKIE'}}, 'addressStreet': 'Wadów'}","{'id': 11303, 'stationName': 'Kraków, os. Swoszowice', 'gegrLat': '49.991442', 'gegrLon': '19.936792', 'city': {'id': 415, 'name': 'Kraków', 'commune': {'communeName': 'Kraków', 'districtName': 'Kraków', 'provinceName': 'MA£OPOLSKIE'}}, 'addressStreet': 'Lusiñska'}","{'id': 444, 'stationName': 'Tarnów, ul. Bitwy pod Studziankami', 'gegrLat': '50.020169', 'gegrLon': '21.004167', 'city': {'id': 958, 'name': 'Tarnów', 'commune': {'communeName': 'Tarnów', 'districtName': 'Tarnów', 'provinceName': 'MA£OPOLSKIE'}}, 'addressStreet': 'ul. Bitwy pod Studziankami'}","{'id': 10120, 'stationName': 'Tarnów, ul. Ks. Romana Sitko', 'gegrLat': '50.018253', 'gegrLon': '20.992578', 'city': {'id': 958, 'name': 'Tarnów', 'commune': {'communeName': 'Tarnów', 'districtName': 'Tarnów', 'provinceName': 'MA£OPOLSKIE'}}, 'addressStreet': 'ul. Ks. Romana Sitko'}","{'id': 426, 'stationName': 'Nowy S¹cz, ul. Nadbrze¿na', 'gegrLat': '49.619281', 'gegrLon': '20.714403', 'city': {'id': 623, 'name': 'Nowy S¹cz', 'commune': {'communeName': 'Nowy S¹cz', 'districtName': 'Nowy S¹cz', 'provinceName': 'MA£OPOLSKIE'}}, 'addressStreet': 'ul. Nadbrze¿na'}","{'id': 9173, 'stationName': 'Dêbica-Grottgera-WIOS', 'gegrLat': '50.054786', 'gegrLon': '21.416256', 'city': {'id': 164, 'name': 'Dêbica', 'commune': {'communeName': 'Dêbica', 'districtName': 'dêbicki', 'provinceName': 'PODKARPACKIE'}}, 'addressStreet': 'Grottgera 3'}","{'id': 9175, 'stationName': 'Krempna-MPN-WIOS', 'gegrLat': '49.511297', 'gegrLon': '21.498606', 'city': {'id': 421, 'name': 'Krempna', 'commune': {'communeName': 'Krempna', 'districtName': 'jasielski', 'provinceName': 'PODKARPACKIE'}}, 'addressStreet': None}","{'id': 10414, 'stationName': 'Rymanów-Zdrój-Samorz¹d', 'gegrLat': '49.546539', 'gegrLon': '21.851006', 'city': {'id': 805, 'name': 'Rymanów-Zdrój', 'commune': {'communeName': 'Rymanów', 'districtName': 'kroœnieñski', 'provinceName': 'PODKARPACKIE'}}, 'addressStreet': 'Parkowa 5'}","{'id': 10438, 'stationName': 'Mielec-Biernackiego-WIOS', 'gegrLat': '50.299128', 'gegrLon': '21.440942', 'city': {'id': 548, 'name': 'Mielec', 'commune': {'communeName': 'Mielec', 'districtName': 'mielecki', 'provinceName': 'PODKARPACKIE'}}, 'addressStreet': 'Biernackiego'}","{'id': 12045, 'stationName': 'Polanczyk-mobilna', 'gegrLat': '49.374208', 'gegrLon': '22.439453', 'city': {'id': 719, 'name': 'Polañczyk', 'commune': {'communeName': 'Solina', 'districtName': 'leski', 'provinceName': 'PODKARPACKIE'}}, 'addressStreet': 'Zdrojowa'}","{'id': 605, 'stationName': 'Bia³ystok-Miejska', 'gegrLat': '53.126689', 'gegrLon': '23.155869', 'city': {'id': 35, 'name': 'Bia³ystok', 'commune': {'communeName': 'Bia³ystok', 'districtName': 'Bia³ystok', 'provinceName': 'PODLASKIE'}}, 'addressStreet': 'ul. Waszyngtona 16'}","{'id': 609, 'stationName': 'Bia³ystok-Warszawska', 'gegrLat': '53.129306', 'gegrLon': '23.181744', 'city': {'id': 35, 'name': 'Bia³ystok', 'commune': {'communeName': 'Bia³ystok', 'districtName': 'Bia³ystok', 'provinceName': 'PODLASKIE'}}, 'addressStreet': 'ul. Warszawska 75 A'}","{'id': 618, 'stationName': 'Lomza Sikorskiego 48/94', 'gegrLat': '53.181394', 'gegrLon': '22.054381', 'city': {'id': 513, 'name': '£om¿a', 'commune': {'communeName': '£om¿a', 'districtName': '£om¿a', 'provinceName': 'PODLASKIE'}}, 'addressStreet': 'ul. Sikorskiego 48/94'}","{'id': 9994, 'stationName': 'Grajewo - mobilne ', 'gegrLat': '53.648556', 'gegrLon': '22.452222', 'city': {'id': 258, 'name': 'Grajewo', 'commune': {'communeName': 'Grajewo', 'districtName': 'grajewski', 'provinceName': 'PODLASKIE'}}, 'addressStreet': 'ul. Wojska Polskiego 74'}","{'id': 11154, 'stationName': 'Suwa³ki, ul. Pu³askiego 26', 'gegrLat': '54.116056', 'gegrLon': '22.938750', 'city': {'id': 906, 'name': 'Suwa³ki', 'commune': {'communeName': 'Suwa³ki', 'districtName': 'Suwa³ki', 'provinceName': 'PODLASKIE'}}, 'addressStreet': 'ul. Pu³askiego 26'}","{'id': 729, 'stationName': 'AM1 Gdañsk Œródmieœcie', 'gegrLat': '54.353336', 'gegrLon': '18.635283', 'city': {'id': 218, 'name': 'Gdañsk', 'commune': {'communeName': 'Gdañsk', 'districtName': 'Gdañsk', 'provinceName': 'POMORSKIE'}}, 'addressStreet': 'ul. Powstañców Warszawskich'}","{'id': 730, 'stationName': 'AM2 Gdañsk Stogi', 'gegrLat': '54.367778', 'gegrLon': '18.701111', 'city': {'id': 218, 'name': 'Gdañsk', 'commune': {'communeName': 'Gdañsk', 'districtName': 'Gdañsk', 'provinceName': 'POMORSKIE'}}, 'addressStreet': 'ul. Kaczeñce'}","{'id': 731, 'stationName': 'AM3 Gdañsk Nowy Port', 'gegrLat': '54.400833', 'gegrLon': '18.657497', 'city': {'id': 218, 'name': 'Gdañsk', 'commune': {'communeName': 'Gdañsk', 'districtName': 'Gdañsk', 'provinceName': 'POMORSKIE'}}, 'addressStreet': 'ul. Wyzwolenia'}","{'id': 732, 'stationName': 'AM4 Gdynia Pogórze', 'gegrLat': '54.560836', 'gegrLon': '18.493331', 'city': {'id': 219, 'name': 'Gdynia', 'commune': {'communeName': 'Gdynia', 'districtName': 'Gdynia', 'provinceName': 'POMORSKIE'}}, 'addressStreet': 'ul. Porêbskiego'}","{'id': 733, 'stationName': 'AM5 Gdañsk Szadó³ki', 'gegrLat': '54.328336', 'gegrLon': '18.557781', 'city': {'id': 218, 'name': 'Gdañsk', 'commune': {'communeName': 'Gdañsk', 'districtName': 'Gdañsk', 'provinceName': 'POMORSKIE'}}, 'addressStreet': 'ul. Ostrzycka'}","{'id': 734, 'stationName': 'AM6 Sopot', 'gegrLat': '54.431667', 'gegrLon': '18.579722', 'city': {'id': 861, 'name': 'Sopot', 'commune': {'communeName': 'Sopot', 'districtName': 'Sopot', 'provinceName': 'POMORSKIE'}}, 'addressStreet': 'ul. Bitwy pod P³owcami'}","{'id': 736, 'stationName': 'AM8 Gdañsk Wrzeszcz', 'gegrLat': '54.380279', 'gegrLon': '18.620274', 'city': {'id': 218, 'name': 'Gdañsk', 'commune': {'communeName': 'Gdañsk', 'districtName': 'Gdañsk', 'provinceName': 'POMORSKIE'}}, 'addressStreet': 'ul. Leczkowa'}","{'id': 738, 'stationName': 'AM9 Gdynia D¹browa', 'gegrLat': '54.465758', 'gegrLon': '18.464911', 'city': {'id': 219, 'name': 'Gdynia', 'commune': {'communeName': 'Gdynia', 'districtName': 'Gdynia', 'provinceName': 'POMORSKIE'}}, 'addressStreet': 'ul. Szafranowa'}","{'id': 739, 'stationName': 'AM10 Gdynia Œródmieœcie', 'gegrLat': '54.525274', 'gegrLon': '18.536382', 'city': {'id': 219, 'name': 'Gdynia', 'commune': {'communeName': 'Gdynia', 'districtName': 'Gdynia', 'provinceName': 'POMORSKIE'}}, 'addressStreet': 'ul. Wendy'}","{'id': 725, 'stationName': 'AM11 S³upsk Kniaziewicza', 'gegrLat': '54.463611', 'gegrLon': '17.046722', 'city': {'id': 846, 'name': 'S³upsk', 'commune': {'communeName': 'S³upsk', 'districtName': 'S³upsk', 'provinceName': 'POMORSKIE'}}, 'addressStreet': 'ul. Kniaziewicza 30'}","{'id': 740, 'stationName': 'AM12 Koœcierzyna Targowa', 'gegrLat': '54.120694', 'gegrLon': '17.975861', 'city': {'id': 406, 'name': 'Koœcierzyna', 'commune': {'communeName': 'Koœcierzyna', 'districtName': 'koœcierski', 'provinceName': 'POMORSKIE'}}, 'addressStreet': 'ul. Targowa'}","{'id': 741, 'stationName': 'AM15 Malbork Mickiewicza', 'gegrLat': '54.031247', 'gegrLon': '19.032899', 'city': {'id': 527, 'name': 'Malbork', 'commune': {'communeName': 'Malbork', 'districtName': 'malborski', 'provinceName': 'POMORSKIE'}}, 'addressStreet': 'ul. Mickiewicza'}","{'id': 742, 'stationName': 'AM16 Lêbork Malczewskiego', 'gegrLat': '54.546167', 'gegrLon': '17.746194', 'city': {'id': 464, 'name': 'Lêbork', 'commune': {'communeName': 'Lêbork', 'districtName': 'lêborski', 'provinceName': 'POMORSKIE'}}, 'addressStreet': 'ul. Malczewskiego'}","{'id': 743, 'stationName': 'AM17 Liniewko Koœcierskie', 'gegrLat': '54.104111', 'gegrLon': '18.182972', 'city': {'id': 469, 'name': 'Liniewko Koœcierskie', 'commune': {'communeName': 'Nowa Karczma', 'districtName': 'koœcierski', 'provinceName': 'POMORSKIE'}}, 'addressStreet': None}","{'id': 750, 'stationName': 'IMGW £eba - R¹bka', 'gegrLat': '54.754139', 'gegrLon': '17.534528', 'city': {'id': 506, 'name': '£eba', 'commune': {'communeName': '£eba', 'districtName': 'lêborski', 'provinceName': 'POMORSKIE'}}, 'addressStreet': 'R¹bka 1a'}","{'id': 437, 'stationName': 'Skawina, os. Ogrody', 'gegrLat': '49.971047', 'gegrLon': '19.830422', 'city': {'id': 834, 'name': 'Skawina', 'commune': {'communeName': 'Skawina', 'districtName': 'krakowski', 'provinceName': 'MA£OPOLSKIE'}}, 'addressStreet': 'os. Ogrody'}","{'id': 443, 'stationName': 'Szymbark', 'gegrLat': '49.633714', 'gegrLon': '21.116833', 'city': {'id': 930, 'name': 'Szymbark', 'commune': {'communeName': 'Gorlice', 'districtName': 'gorlicki', 'provinceName': 'MA£OPOLSKIE'}}, 'addressStreet': None}","{'id': 449, 'stationName': 'Trzebinia, os. Zwi¹zku Walki M³odych', 'gegrLat': '50.159406', 'gegrLon': '19.477464', 'city': {'id': 974, 'name': 'Trzebinia', 'commune': {'communeName': 'Trzebinia', 'districtName': 'chrzanowski', 'provinceName': 'MA£OPOLSKIE'}}, 'addressStreet': 'os. Zwi¹zku Walki M³odych'}","{'id': 459, 'stationName': 'Zakopane, ul. Sienkiewicza', 'gegrLat': '49.293564', 'gegrLon': '19.960083', 'city': {'id': 1076, 'name': 'Zakopane', 'commune': {'communeName': 'Zakopane', 'districtName': 'tatrzañski', 'provinceName': 'MA£OPOLSKIE'}}, 'addressStreet': 'ul. Sienkiewicza'}","{'id': 9179, 'stationName': 'Szarów, ul. Spokojna', 'gegrLat': '50.007500', 'gegrLon': '20.259167', 'city': {'id': 913, 'name': 'Szarów', 'commune': {'communeName': 'K³aj', 'districtName': 'wielicki', 'provinceName': 'MA£OPOLSKIE'}}, 'addressStreet': 'ul. Spokojna'}","{'id': 10119, 'stationName': 'Kaszów', 'gegrLat': '50.025028', 'gegrLon': '19.726833', 'city': {'id': 2042, 'name': 'Kaszów', 'commune': {'communeName': 'Liszki', 'districtName': 'krakowski', 'provinceName': 'MA£OPOLSKIE'}}, 'addressStreet': 'Bory'}","{'id': 10124, 'stationName': 'Sucha Beskidzka, ul. Nieszczyñskiej', 'gegrLat': '49.743131', 'gegrLon': '19.600339', 'city': {'id': 897, 'name': 'Sucha Beskidzka', 'commune': {'communeName': 'Sucha Beskidzka', 'districtName': 'suski', 'provinceName': 'MA£OPOLSKIE'}}, 'addressStreet': 'ul. Nieszczyñskiej'}","{'id': 10254, 'stationName': 'Nowy Targ, Plac S³owackiego', 'gegrLat': '49.483597', 'gegrLon': '20.028992', 'city': {'id': 626, 'name': 'Nowy Targ', 'commune': {'communeName': 'Nowy Targ', 'districtName': 'nowotarski', 'provinceName': 'MA£OPOLSKIE'}}, 'addressStreet': 'Plac S³owackiego'}","{'id': 10446, 'stationName': 'Rabka-Zdrój, ul. Orkana', 'gegrLat': '49.608647', 'gegrLon': '19.966008', 'city': {'id': 767, 'name': 'Rabka-Zdrój', 'commune': {'communeName': 'Rabka-Zdrój', 'districtName': 'nowotarski', 'provinceName': 'MA£OPOLSKIE'}}, 'addressStreet': 'Orkana'}","{'id': 10814, 'stationName': 'Oœwiêcim, ul. J. Bema', 'gegrLat': '50.033083', 'gegrLon': '19.245275', 'city': {'id': 660, 'name': 'Oœwiêcim', 'commune': {'communeName': 'Oœwiêcim', 'districtName': 'oœwiêcimski', 'provinceName': 'MA£OPOLSKIE'}}, 'addressStreet': 'J. Bema'}","{'id': 11280, 'stationName': 'Krynica, ul. Bulwary Dietla', 'gegrLat': '49.416978', 'gegrLon': '20.956147', 'city': {'id': 435, 'name': 'Krynica-Zdrój', 'commune': {'communeName': 'Krynica-Zdrój', 'districtName': 'nowos¹decki', 'provinceName': 'MA£OPOLSKIE'}}, 'addressStreet': 'Bulwary Dietla'}","{'id': 11301, 'stationName': 'Olkusz, ul. Cegielniana', 'gegrLat': '50.284000', 'gegrLon': '19.564044', 'city': {'id': 638, 'name': 'Olkusz', 'commune': {'communeName': 'Olkusz', 'districtName': 'olkuski', 'provinceName': 'MA£OPOLSKIE'}}, 'addressStreet': ' Cegielniana'}","{'id': 11314, 'stationName': 'Skawina, ul. Studziñskiego', 'gegrLat': '49.983361', 'gegrLon': '19.839572', 'city': {'id': 834, 'name': 'Skawina', 'commune': {'communeName': 'Skawina', 'districtName': 'krakowski', 'provinceName': 'MA£OPOLSKIE'}}, 'addressStreet': 'Studziñskiego'}","{'id': 11434, 'stationName': 'Zabierzów, ul. Wapienna', 'gegrLat': '50.116028', 'gegrLon': '19.800639', 'city': {'id': 2300, 'name': 'Zabierzów', 'commune': {'communeName': 'Zabierzów', 'districtName': 'krakowski', 'provinceName': 'MA£OPOLSKIE'}}, 'addressStreet': 'Wapienna'}","{'id': 530, 'stationName': 'Warszawa-Komunikacyjna', 'gegrLat': '52.219298', 'gegrLon': '21.004724', 'city': {'id': 1006, 'name': 'Warszawa', 'commune': {'communeName': 'Warszawa', 'districtName': 'Warszawa', 'provinceName': 'MAZOWIECKIE'}}, 'addressStreet': 'al. Niepodleg³oœci 227/233'}","{'id': 531, 'stationName': 'Warszawa-Podleœna', 'gegrLat': '52.280939', 'gegrLon': '20.962156', 'city': {'id': 1006, 'name': 'Warszawa', 'commune': {'communeName': 'Warszawa', 'districtName': 'Warszawa', 'provinceName': 'MAZOWIECKIE'}}, 'addressStreet': 'ul. Podleœna 61'}","{'id': 538, 'stationName': 'Warszawa-To³stoja', 'gegrLat': '52.285073', 'gegrLon': '20.933018', 'city': {'id': 1006, 'name': 'Warszawa', 'commune': {'communeName': 'Warszawa', 'districtName': 'Warszawa', 'provinceName': 'MAZOWIECKIE'}}, 'addressStreet': 'ul. To³stoja 2'}","{'id': 550, 'stationName': 'Warszawa-Ursynów', 'gegrLat': '52.160772', 'gegrLon': '21.033819', 'city': {'id': 1006, 'name': 'Warszawa', 'commune': {'communeName': 'Warszawa', 'districtName': 'Warszawa', 'provinceName': 'MAZOWIECKIE'}}, 'addressStreet': 'ul. Wokalna 1'}","{'id': 552, 'stationName': 'Warszawa-Targówek', 'gegrLat': '52.290864', 'gegrLon': '21.042458', 'city': {'id': 1006, 'name': 'Warszawa', 'commune': {'communeName': 'Warszawa', 'districtName': 'Warszawa', 'provinceName': 'MAZOWIECKIE'}}, 'addressStreet': 'ul. Kondratowicza 8'}","{'id': 10955, 'stationName': 'Warszawa-Chroœcickiego', 'gegrLat': '52.207742', 'gegrLon': '20.906073', 'city': {'id': 1006, 'name': 'Warszawa', 'commune': {'communeName': 'Warszawa', 'districtName': 'Warszawa', 'provinceName': 'MAZOWIECKIE'}}, 'addressStreet': 'Chroœcickiego 16/18'}","{'id': 10956, 'stationName': 'Warszawa-Bajkowa', 'gegrLat': '52.188474', 'gegrLon': '21.176233', 'city': {'id': 1006, 'name': 'Warszawa', 'commune': {'communeName': 'Warszawa', 'districtName': 'Warszawa', 'provinceName': 'MAZOWIECKIE'}}, 'addressStreet': 'Bajkowa 17/21'}","{'id': 497, 'stationName': 'P³ock-Gimnazjum', 'gegrLat': '52.556279', 'gegrLon': '19.687672', 'city': {'id': 707, 'name': 'P³ock', 'commune': {'communeName': 'P³ock', 'districtName': 'P³ock', 'provinceName': 'MAZOWIECKIE'}}, 'addressStreet': 'ul. Królowej Jadwigi 4'}","{'id': 501, 'stationName': 'P³ock-Reja', 'gegrLat': '52.550938', 'gegrLon': '19.709791', 'city': {'id': 707, 'name': 'P³ock', 'commune': {'communeName': 'P³ock', 'districtName': 'P³ock', 'provinceName': 'MAZOWIECKIE'}}, 'addressStreet': 'ul. Reja 28'}","{'id': 515, 'stationName': 'Radom-Tochtermana', 'gegrLat': '51.399084', 'gegrLon': '21.147474', 'city': {'id': 771, 'name': 'Radom', 'commune': {'communeName': 'Radom', 'districtName': 'Radom', 'provinceName': 'MAZOWIECKIE'}}, 'addressStreet': 'ul. Tochtermana 1'}","{'id': 460, 'stationName': 'Belsk-IGFPAN', 'gegrLat': '51.835120', 'gegrLon': '20.791556', 'city': {'id': 19, 'name': 'Belsk Du¿y', 'commune': {'communeName': 'Grójec', 'districtName': 'grójecki', 'provinceName': 'MAZOWIECKIE'}}, 'addressStreet': 'Osiedle PAN 1'}","{'id': 471, 'stationName': 'Legionowo-Zegrzyñska', 'gegrLat': '52.407578', 'gegrLon': '20.955928', 'city': {'id': 452, 'name': 'Legionowo', 'commune': {'communeName': 'Legionowo', 'districtName': 'legionowski', 'provinceName': 'MAZOWIECKIE'}}, 'addressStreet': 'ul. Zegrzyñska 38'}","{'id': 485, 'stationName': 'Otwock-Brzozowa', 'gegrLat': '52.115725', 'gegrLon': '21.237297', 'city': {'id': 662, 'name': 'Otwock', 'commune': {'communeName': 'Otwock', 'districtName': 'otwocki', 'provinceName': 'MAZOWIECKIE'}}, 'addressStreet': 'ul. Brzozowa 2'}","{'id': 488, 'stationName': 'Piastów-Pu³askiego', 'gegrLat': '52.191728', 'gegrLon': '20.837489', 'city': {'id': 685, 'name': 'Piastów', 'commune': {'communeName': 'Piastów', 'districtName': 'pruszkowski', 'provinceName': 'MAZOWIECKIE'}}, 'addressStreet': 'ul. Pu³askiego 6/8'}","{'id': 517, 'stationName': 'Siedlce-Konarskiego', 'gegrLat': '52.172145', 'gegrLon': '22.282001', 'city': {'id': 823, 'name': 'Siedlce', 'commune': {'communeName': 'Siedlce', 'districtName': 'Siedlce', 'provinceName': 'MAZOWIECKIE'}}, 'addressStreet': 'ul. Konarskiego 11'}","{'id': 9778, 'stationName': 'Che³mno, £unawska 3A', 'gegrLat': '53.351975', 'gegrLon': '18.447498', 'city': {'id': 101, 'name': 'Che³mno', 'commune': {'communeName': 'Che³mno', 'districtName': 'che³miñski', 'provinceName': 'KUJAWSKO-POMORSKIE'}}, 'addressStreet': 'ul.   £unawska'}","{'id': 266, 'stationName': 'Lublin ul. Obywatelska', 'gegrLat': '51.259431', 'gegrLon': '22.569133', 'city': {'id': 489, 'name': 'Lublin', 'commune': {'communeName': 'Lublin', 'districtName': 'Lublin', 'provinceName': 'LUBELSKIE'}}, 'addressStreet': 'ul. Obywatelska 13'}","{'id': 236, 'stationName': 'Bia³aP-Orzechowa', 'gegrLat': '52.029194', 'gegrLon': '23.149389', 'city': {'id': 26, 'name': 'Bia³a Podlaska', 'commune': {'communeName': 'Bia³a Podlaska', 'districtName': 'Bia³a Podlaska', 'provinceName': 'LUBELSKIE'}}, 'addressStreet': 'ul. Orzechowa'}","{'id': 248, 'stationName': 'IMGW-Jarczew', 'gegrLat': '51.814367', 'gegrLon': '21.972375', 'city': {'id': 301, 'name': 'Jarczew', 'commune': {'communeName': 'Wola Mys³owska', 'districtName': '³ukowski', 'provinceName': 'LUBELSKIE'}}, 'addressStreet': None}","{'id': 282, 'stationName': 'Lublin-Podmiejska', 'gegrLat': '51.163542', 'gegrLon': '22.598608', 'city': {'id': 1035, 'name': 'Wilczopole', 'commune': {'communeName': 'G³usk', 'districtName': 'lubelski', 'provinceName': 'LUBELSKIE'}}, 'addressStreet': None}","{'id': 285, 'stationName': 'Zamoœæ ul. Hrubieszowska 69A', 'gegrLat': '50.716628', 'gegrLon': '23.290247', 'city': {'id': 1081, 'name': 'Zamoœæ', 'commune': {'communeName': 'Zamoœæ', 'districtName': 'Zamoœæ', 'provinceName': 'LUBELSKIE'}}, 'addressStreet': 'ul. Hrubieszowska 69A'}","{'id': 9593, 'stationName': 'Pu³awy ul. Karpiñskiego', 'gegrLat': '51.419047', 'gegrLon': '21.961089', 'city': {'id': 764, 'name': 'Pu³awy', 'commune': {'communeName': 'Pu³awy', 'districtName': 'pu³awski', 'provinceName': 'LUBELSKIE'}}, 'addressStreet': 'ul. Karpiñskiego 5'}","{'id': 10874, 'stationName': 'Florianka RPN', 'gegrLat': '50.551894', 'gegrLon': '22.982861', 'city': {'id': 2201, 'name': 'Florianka', 'commune': {'communeName': 'Józefów', 'districtName': 'bi³gorajski', 'provinceName': 'LUBELSKIE'}}, 'addressStreet': '-'}","{'id': 11360, 'stationName': 'Che³m ul.Po³aniecka', 'gegrLat': '51.122190', 'gegrLon': '23.472870', 'city': {'id': 100, 'name': 'Che³m', 'commune': {'communeName': 'Che³m', 'districtName': 'Che³m', 'provinceName': 'LUBELSKIE'}}, 'addressStreet': 'ul. Po³aniecka'}","{'id': 361, 'stationName': 'Gorzów Wlkp. ul. Kosynierów Gdyñskich', 'gegrLat': '52.738214', 'gegrLon': '15.228667', 'city': {'id': 246, 'name': 'Gorzów Wielkopolski', 'commune': {'communeName': 'Gorzów Wielkopolski', 'districtName': 'Gorzów Wielkopolski', 'provinceName': 'LUBUSKIE'}}, 'addressStreet': 'ul. Kosynierów Gdyñskich'}","{'id': 387, 'stationName': 'Zielona Góra ul. Krótka', 'gegrLat': '51.939783', 'gegrLon': '15.518861', 'city': {'id': 1103, 'name': 'Zielona Góra', 'commune': {'communeName': 'Zielona Góra', 'districtName': 'Zielona Góra', 'provinceName': 'LUBUSKIE'}}, 'addressStreet': 'ul. Krótka'}","{'id': 374, 'stationName': 'Smolary Bytnickie', 'gegrLat': '52.172222', 'gegrLon': '15.206667', 'city': {'id': 848, 'name': 'Smolary Bytnickie', 'commune': {'communeName': 'Bytnica', 'districtName': 'kroœnieñski', 'provinceName': 'LUBUSKIE'}}, 'addressStreet': None}","{'id': 376, 'stationName': 'Sulêcin ul. Dudka', 'gegrLat': '52.437722', 'gegrLon': '15.122444', 'city': {'id': 903, 'name': 'Sulêcin', 'commune': {'communeName': 'Sulêcin', 'districtName': 'sulêciñski', 'provinceName': 'LUBUSKIE'}}, 'addressStreet': 'ul. Dudka'}","{'id': 379, 'stationName': 'Wschowa ul. Kazimierza Wielkiego', 'gegrLat': '51.799722', 'gegrLon': '16.317500', 'city': {'id': 1066, 'name': 'Wschowa', 'commune': {'communeName': 'Wschowa', 'districtName': 'wschowski', 'provinceName': 'LUBUSKIE'}}, 'addressStreet': 'ul. Kazimierza Wielkiego'}","{'id': 382, 'stationName': '¯ary, ul. Szymanowskiego 8', 'gegrLat': '51.642656', 'gegrLon': '15.127808', 'city': {'id': 1119, 'name': '¯ary', 'commune': {'communeName': '¯ary', 'districtName': '¿arski', 'provinceName': 'LUBUSKIE'}}, 'addressStreet': 'ul. Szymanowskiego 8'}","{'id': 145, 'stationName': 'Toruñ Airpointer', 'gegrLat': '53.012261', 'gegrLon': '18.606203', 'city': {'id': 966, 'name': 'Toruñ', 'commune': {'communeName': 'Toruñ', 'districtName': 'Toruñ', 'provinceName': 'KUJAWSKO-POMORSKIE'}}, 'addressStreet': 'ul. Wa³y Gen. Sikorskiego 12'}","{'id': 206, 'stationName': 'Toruñ POLICJA', 'gegrLat': '53.028647', 'gegrLon': '18.666103', 'city': {'id': 966, 'name': 'Toruñ', 'commune': {'communeName': 'Toruñ', 'districtName': 'Toruñ', 'provinceName': 'KUJAWSKO-POMORSKIE'}}, 'addressStreet': 'ul. Dziewulskiego 1'}","{'id': 208, 'stationName': 'Toruñ, KASZOWNIK', 'gegrLat': '53.017628', 'gegrLon': '18.612808', 'city': {'id': 966, 'name': 'Toruñ', 'commune': {'communeName': 'Toruñ', 'districtName': 'Toruñ', 'provinceName': 'KUJAWSKO-POMORSKIE'}}, 'addressStreet': 'ul. Przy Kaszowniku'}","{'id': 225, 'stationName': 'W³oc³awek OKRZEI', 'gegrLat': '52.658467', 'gegrLon': '19.059314', 'city': {'id': 1046, 'name': 'W³oc³awek', 'commune': {'communeName': 'W³oc³awek', 'districtName': 'W³oc³awek', 'provinceName': 'KUJAWSKO-POMORSKIE'}}, 'addressStreet': 'ul. Okrzei'}","{'id': 9791, 'stationName': 'W³oc³awek, ul. Kaliska', 'gegrLat': '52.637394', 'gegrLon': '19.044486', 'city': {'id': 1046, 'name': 'W³oc³awek', 'commune': {'communeName': 'W³oc³awek', 'districtName': 'W³oc³awek', 'provinceName': 'KUJAWSKO-POMORSKIE'}}, 'addressStreet': 'Kaliska 108 A'}","{'id': 142, 'stationName': 'Grudzi¹dz Airpointer', 'gegrLat': '53.493550', 'gegrLon': '18.762139', 'city': {'id': 269, 'name': 'Grudzi¹dz', 'commune': {'communeName': 'Grudzi¹dz', 'districtName': 'Grudzi¹dz', 'provinceName': 'KUJAWSKO-POMORSKIE'}}, 'addressStreet': 'ul. Pi³sudskiego 51'}","{'id': 143, 'stationName': 'Inowroc³aw Airpointer', 'gegrLat': '52.793122', 'gegrLon': '18.241044', 'city': {'id': 287, 'name': 'Inowroc³aw', 'commune': {'communeName': 'Inowroc³aw', 'districtName': 'inowroc³awski', 'provinceName': 'KUJAWSKO-POMORSKIE'}}, 'addressStreet': 'ul. Solankowa'}","{'id': 164, 'stationName': 'Ciechocinek', 'gegrLat': '52.888422', 'gegrLon': '18.780908', 'city': {'id': 122, 'name': 'Ciechocinek', 'commune': {'communeName': 'Ciechocinek', 'districtName': 'aleksandrowski', 'provinceName': 'KUJAWSKO-POMORSKIE'}}, 'addressStreet': 'ul. Tê¿niowa - Park Tê¿niowy'}","{'id': 190, 'stationName': 'Koniczynka', 'gegrLat': '53.080647', 'gegrLon': '18.684258', 'city': {'id': 391, 'name': 'Koniczynka', 'commune': {'communeName': '£ysomice', 'districtName': 'toruñski', 'provinceName': 'KUJAWSKO-POMORSKIE'}}, 'addressStreet': None}","{'id': 232, 'stationName': 'Bory Tucholskie', 'gegrLat': '53.662117', 'gegrLon': '17.934017', 'city': {'id': 1104, 'name': 'Zielonka', 'commune': {'communeName': 'Tuchola', 'districtName': 'tucholski', 'provinceName': 'KUJAWSKO-POMORSKIE'}}, 'addressStreet': None}"
